Model,MAE,RMSE
RandomForest,536.9565384615385,790.8532511084275
MLP,3422.165771484375,3895.9758726152295
